country,parameter,value,rating
Afghanistan,Purchasing Power Index,28.69,Very Low
Afghanistan,Safety Index,27.15,Low
Afghanistan,Health Care Index,27.17,Low
Afghanistan,Climate Index,,
Afghanistan,Cost of Living Index,24.25,Very Low
Afghanistan,Property Price to Income Ratio,14.02,High
Afghanistan,Traffic Commute Time Index,56.17,High
Afghanistan,Pollution Index,91.94,Very High
Afghanistan,Quality of Life Index,,
Aland Islands,Purchasing Power Index,121.89,Very High
Aland Islands,Safety Index,82.26,Very High
Aland Islands,Health Care Index,87.27,Very High
Aland Islands,Climate Index,,
Aland Islands,Cost of Living Index,75.36,Moderate
Aland Islands,Property Price to Income Ratio,3.85,Very Low
Aland Islands,Traffic Commute Time Index,19.05,Very Low
Aland Islands,Pollution Index,10.78,Very Low
Aland Islands,Quality of Life Index,,
Albania,Purchasing Power Index,31.35,Very Low
Albania,Safety Index,60.42,High
Albania,Health Care Index,53.03,Moderate
Albania,Climate Index,86.43,Very High
Albania,Cost of Living Index,36.29,Very Low
Albania,Property Price to Income Ratio,15.36,High
Albania,Traffic Commute Time Index,40.20,Moderate
Albania,Pollution Index,77.09,High
Albania,Quality of Life Index,102.29,Moderate
Algeria,Purchasing Power Index,32.09,Very Low
Algeria,Safety Index,45.95,Moderate
Algeria,Health Care Index,55.45,Moderate
Algeria,Climate Index,94.82,Very High
Algeria,Cost of Living Index,30.02,Very Low
Algeria,Property Price to Income Ratio,19.30,Very High
Algeria,Traffic Commute Time Index,47.20,High
Algeria,Pollution Index,65.65,High
Algeria,Quality of Life Index,99.93,Moderate
Andorra,Purchasing Power Index,,
Andorra,Safety Index,82.31,Very High
Andorra,Health Care Index,80.56,Very High
Andorra,Climate Index,,
Andorra,Cost of Living Index,,
Andorra,Property Price to Income Ratio,8.18,Moderate
Andorra,Traffic Commute Time Index,5.00,Very Low
Andorra,Pollution Index,36.42,Low
Andorra,Quality of Life Index,,
Angola,Purchasing Power Index,44.58,Very Low
Angola,Safety Index,35.14,Low
Angola,Health Care Index,40.97,Moderate
Angola,Climate Index,,
Angola,Cost of Living Index,101.86,High
Angola,Property Price to Income Ratio,10.43,Moderate
Angola,Traffic Commute Time Index,64.00,Very High
Angola,Pollution Index,97.39,Very High
Angola,Quality of Life Index,,
Antigua And Barbuda,Purchasing Power Index,,
Antigua And Barbuda,Safety Index,32.72,Low
Antigua And Barbuda,Health Care Index,,
Antigua And Barbuda,Climate Index,,
Antigua And Barbuda,Cost of Living Index,,
Antigua And Barbuda,Property Price to Income Ratio,26.91,Very High
Antigua And Barbuda,Traffic Commute Time Index,,
Antigua And Barbuda,Pollution Index,37.93,Low
Antigua And Barbuda,Quality of Life Index,,
Argentina,Purchasing Power Index,50.87,Low
Argentina,Safety Index,37.04,Low
Argentina,Health Care Index,69.81,High
Argentina,Climate Index,98.28,Very High
Argentina,Cost of Living Index,37.61,Very Low
Argentina,Property Price to Income Ratio,19.93,Very High
Argentina,Traffic Commute Time Index,42.09,Moderate
Argentina,Pollution Index,51.99,Moderate
Argentina,Quality of Life Index,120.15,High
Armenia,Purchasing Power Index,30.01,Very Low
Armenia,Safety Index,78.59,High
Armenia,Health Care Index,48.69,Moderate
Armenia,Climate Index,63.42,High
Armenia,Cost of Living Index,32.51,Very Low
Armenia,Property Price to Income Ratio,16.12,Very High
Armenia,Traffic Commute Time Index,31.35,Low
Armenia,Pollution Index,60.94,High
Armenia,Quality of Life Index,116.25,High
Aruba,Purchasing Power Index,,
Aruba,Safety Index,70.98,High
Aruba,Health Care Index,70.83,High
Aruba,Climate Index,,
Aruba,Cost of Living Index,,
Aruba,Property Price to Income Ratio,,
Aruba,Traffic Commute Time Index,120.00,Very High
Aruba,Pollution Index,24.43,Low
Aruba,Quality of Life Index,,
Australia,Purchasing Power Index,116.09,Very High
Australia,Safety Index,57.49,Moderate
Australia,Health Care Index,76.96,High
Australia,Climate Index,94.20,Very High
Australia,Cost of Living Index,72.55,Moderate
Australia,Property Price to Income Ratio,7.62,Moderate
Australia,Traffic Commute Time Index,35.50,Moderate
Australia,Pollution Index,23.09,Low
Australia,Quality of Life Index,189.34,Very High
Austria,Purchasing Power Index,88.66,Moderate
Austria,Safety Index,76.89,High
Austria,Health Care Index,79.33,High
Austria,Climate Index,78.22,High
Austria,Cost of Living Index,71.12,Moderate
Austria,Property Price to Income Ratio,10.52,Moderate
Austria,Traffic Commute Time Index,25.59,Low
Austria,Pollution Index,21.65,Low
Austria,Quality of Life Index,186.85,Very High
Azerbaijan,Purchasing Power Index,27.98,Very Low
Azerbaijan,Safety Index,67.38,High
Azerbaijan,Health Care Index,41.23,Moderate
Azerbaijan,Climate Index,91.40,Very High
Azerbaijan,Cost of Living Index,29.72,Very Low
Azerbaijan,Property Price to Income Ratio,19.75,Very High
Azerbaijan,Traffic Commute Time Index,42.86,Moderate
Azerbaijan,Pollution Index,79.35,High
Azerbaijan,Quality of Life Index,94.79,Moderate
Bahamas,Purchasing Power Index,54.88,Low
Bahamas,Safety Index,38.49,Low
Bahamas,Health Care Index,44.44,Moderate
Bahamas,Climate Index,,
Bahamas,Cost of Living Index,86.83,Moderate
Bahamas,Property Price to Income Ratio,3.44,Very Low
Bahamas,Traffic Commute Time Index,23.67,Very Low
Bahamas,Pollution Index,63.18,High
Bahamas,Quality of Life Index,,
Bahrain,Purchasing Power Index,62.29,Low
Bahrain,Safety Index,69.06,High
Bahrain,Health Care Index,65.34,High
Bahrain,Climate Index,64.31,High
Bahrain,Cost of Living Index,58.25,Low
Bahrain,Property Price to Income Ratio,8.96,Moderate
Bahrain,Traffic Commute Time Index,28.75,Low
Bahrain,Pollution Index,70.61,High
Bahrain,Quality of Life Index,130.79,High
Bangladesh,Purchasing Power Index,36.48,Very Low
Bangladesh,Safety Index,34.79,Low
Bangladesh,Health Care Index,42.92,Moderate
Bangladesh,Climate Index,71.29,High
Bangladesh,Cost of Living Index,32.60,Very Low
Bangladesh,Property Price to Income Ratio,13.01,High
Bangladesh,Traffic Commute Time Index,58.88,High
Bangladesh,Pollution Index,88.83,Very High
Bangladesh,Quality of Life Index,67.99,Low
Barbados,Purchasing Power Index,55.93,Low
Barbados,Safety Index,54.51,Moderate
Barbados,Health Care Index,69.95,High
Barbados,Climate Index,,
Barbados,Cost of Living Index,80.23,Moderate
Barbados,Property Price to Income Ratio,6.65,Low
Barbados,Traffic Commute Time Index,32.50,Low
Barbados,Pollution Index,23.98,Low
Barbados,Quality of Life Index,,
Belarus,Purchasing Power Index,40.73,Very Low
Belarus,Safety Index,75.11,High
Belarus,Health Care Index,59.04,Moderate
Belarus,Climate Index,64.37,High
Belarus,Cost of Living Index,33.91,Very Low
Belarus,Property Price to Income Ratio,14.51,High
Belarus,Traffic Commute Time Index,31.21,Low
Belarus,Pollution Index,43.96,Moderate
Belarus,Quality of Life Index,136.11,High
Belgium,Purchasing Power Index,91.77,Moderate
Belgium,Safety Index,57.26,Moderate
Belgium,Health Care Index,77.94,High
Belgium,Climate Index,85.99,Very High
Belgium,Cost of Living Index,72.13,Moderate
Belgium,Property Price to Income Ratio,6.95,Low
Belgium,Traffic Commute Time Index,35.01,Moderate
Belgium,Pollution Index,50.81,Moderate
Belgium,Quality of Life Index,159.64,Very High
Belize,Purchasing Power Index,69.04,Moderate
Belize,Safety Index,44.02,Moderate
Belize,Health Care Index,46.85,Moderate
Belize,Climate Index,,
Belize,Cost of Living Index,48.91,Low
Belize,Property Price to Income Ratio,10.29,Moderate
Belize,Traffic Commute Time Index,16.00,Very Low
Belize,Pollution Index,55.15,Moderate
Belize,Quality of Life Index,,
Benin,Purchasing Power Index,,
Benin,Safety Index,75.25,High
Benin,Health Care Index,44.44,Moderate
Benin,Climate Index,,
Benin,Cost of Living Index,,
Benin,Property Price to Income Ratio,,
Benin,Traffic Commute Time Index,20.00,Very Low
Benin,Pollution Index,97.41,Very High
Benin,Quality of Life Index,,
Bermuda,Purchasing Power Index,78.43,Moderate
Bermuda,Safety Index,68.96,High
Bermuda,Health Care Index,70.14,High
Bermuda,Climate Index,,
Bermuda,Cost of Living Index,137.82,Very High
Bermuda,Property Price to Income Ratio,7.71,Moderate
Bermuda,Traffic Commute Time Index,40.57,Moderate
Bermuda,Pollution Index,14.26,Very Low
Bermuda,Quality of Life Index,,
Bhutan,Purchasing Power Index,32.94,Very Low
Bhutan,Safety Index,62.23,High
Bhutan,Health Care Index,58.10,Moderate
Bhutan,Climate Index,,
Bhutan,Cost of Living Index,39.58,Very Low
Bhutan,Property Price to Income Ratio,14.29,High
Bhutan,Traffic Commute Time Index,0.00,Very Low
Bhutan,Pollution Index,55.30,Moderate
Bhutan,Quality of Life Index,,
Bolivia,Purchasing Power Index,43.92,Very Low
Bolivia,Safety Index,46.24,Moderate
Bolivia,Health Care Index,49.82,Moderate
Bolivia,Climate Index,,
Bolivia,Cost of Living Index,34.03,Very Low
Bolivia,Property Price to Income Ratio,9.89,Moderate
Bolivia,Traffic Commute Time Index,44.54,Moderate
Bolivia,Pollution Index,79.41,High
Bolivia,Quality of Life Index,,
Bonaire,Purchasing Power Index,,
Bonaire,Safety Index,49.51,Moderate
Bonaire,Health Care Index,,
Bonaire,Climate Index,,
Bonaire,Cost of Living Index,,
Bonaire,Property Price to Income Ratio,6.95,Low
Bonaire,Traffic Commute Time Index,,
Bonaire,Pollution Index,,
Bonaire,Quality of Life Index,,
Bosnia And Herzegovina,Purchasing Power Index,45.59,Low
Bosnia And Herzegovina,Safety Index,56.19,Moderate
Bosnia And Herzegovina,Health Care Index,52.35,Moderate
Bosnia And Herzegovina,Climate Index,80.48,Very High
Bosnia And Herzegovina,Cost of Living Index,35.81,Very Low
Bosnia And Herzegovina,Property Price to Income Ratio,12.65,High
Bosnia And Herzegovina,Traffic Commute Time Index,26.80,Low
Bosnia And Herzegovina,Pollution Index,63.46,High
Bosnia And Herzegovina,Quality of Life Index,122.16,High
Botswana,Purchasing Power Index,66.23,Moderate
Botswana,Safety Index,47.11,Moderate
Botswana,Health Care Index,58.12,Moderate
Botswana,Climate Index,,
Botswana,Cost of Living Index,39.72,Very Low
Botswana,Property Price to Income Ratio,38.69,Very High
Botswana,Traffic Commute Time Index,26.62,Low
Botswana,Pollution Index,46.06,Moderate
Botswana,Quality of Life Index,,
Brazil,Purchasing Power Index,35.57,Very Low
Brazil,Safety Index,30.55,Low
Brazil,Health Care Index,55.60,Moderate
Brazil,Climate Index,94.25,Very High
Brazil,Cost of Living Index,42.58,Very Low
Brazil,Property Price to Income Ratio,16.80,Very High
Brazil,Traffic Commute Time Index,42.13,Moderate
Brazil,Pollution Index,56.08,Moderate
Brazil,Quality of Life Index,103.65,Moderate
British Virgin Islands,Purchasing Power Index,,
British Virgin Islands,Safety Index,35.29,Low
British Virgin Islands,Health Care Index,,
British Virgin Islands,Climate Index,,
British Virgin Islands,Cost of Living Index,,
British Virgin Islands,Property Price to Income Ratio,,
British Virgin Islands,Traffic Commute Time Index,,
British Virgin Islands,Pollution Index,86.21,Very High
British Virgin Islands,Quality of Life Index,,
Brunei,Purchasing Power Index,95.34,High
Brunei,Safety Index,71.95,High
Brunei,Health Care Index,76.49,High
Brunei,Climate Index,,
Brunei,Cost of Living Index,44.05,Very Low
Brunei,Property Price to Income Ratio,2.90,Very Low
Brunei,Traffic Commute Time Index,28.38,Low
Brunei,Pollution Index,32.64,Low
Brunei,Quality of Life Index,,
Bulgaria,Purchasing Power Index,50.10,Low
Bulgaria,Safety Index,60.92,High
Bulgaria,Health Care Index,55.31,Moderate
Bulgaria,Climate Index,81.22,Very High
Bulgaria,Cost of Living Index,37.11,Very Low
Bulgaria,Property Price to Income Ratio,9.01,Moderate
Bulgaria,Traffic Commute Time Index,28.88,Low
Bulgaria,Pollution Index,63.67,High
Bulgaria,Quality of Life Index,130.08,High
Burkina Faso,Purchasing Power Index,,
Burkina Faso,Safety Index,51.98,Moderate
Burkina Faso,Health Care Index,60.19,High
Burkina Faso,Climate Index,,
Burkina Faso,Cost of Living Index,,
Burkina Faso,Property Price to Income Ratio,251.35,
Burkina Faso,Traffic Commute Time Index,50.00,High
Burkina Faso,Pollution Index,,
Burkina Faso,Quality of Life Index,,
Burundi,Purchasing Power Index,,
Burundi,Safety Index,47.20,Moderate
Burundi,Health Care Index,2.78,Very Low
Burundi,Climate Index,,
Burundi,Cost of Living Index,,
Burundi,Property Price to Income Ratio,149.59,Very High
Burundi,Traffic Commute Time Index,,
Burundi,Pollution Index,101.15,Very High
Burundi,Quality of Life Index,,
Cambodia,Purchasing Power Index,11.74,Very Low
Cambodia,Safety Index,48.62,Moderate
Cambodia,Health Care Index,48.07,Moderate
Cambodia,Climate Index,59.43,Moderate
Cambodia,Cost of Living Index,47.87,Low
Cambodia,Property Price to Income Ratio,45.69,Very High
Cambodia,Traffic Commute Time Index,28.42,Low
Cambodia,Pollution Index,80.51,Very High
Cambodia,Quality of Life Index,49.68,Very Low
Cameroon,Purchasing Power Index,14.77,Very Low
Cameroon,Safety Index,34.28,Low
Cameroon,Health Care Index,48.80,Moderate
Cameroon,Climate Index,,
Cameroon,Cost of Living Index,39.54,Very Low
Cameroon,Property Price to Income Ratio,16.59,Very High
Cameroon,Traffic Commute Time Index,37.50,Moderate
Cameroon,Pollution Index,85.75,Very High
Cameroon,Quality of Life Index,,
Canada,Purchasing Power Index,103.18,High
Canada,Safety Index,60.45,High
Canada,Health Care Index,71.30,High
Canada,Climate Index,55.79,Moderate
Canada,Cost of Living Index,67.60,Moderate
Canada,Property Price to Income Ratio,7.93,Moderate
Canada,Traffic Commute Time Index,33.53,Low
Canada,Pollution Index,27.62,Low
Canada,Quality of Life Index,168.75,Very High
Cape Verde,Purchasing Power Index,,
Cape Verde,Safety Index,44.12,Moderate
Cape Verde,Health Care Index,91.67,Very High
Cape Verde,Climate Index,,
Cape Verde,Cost of Living Index,,
Cape Verde,Property Price to Income Ratio,13.53,High
Cape Verde,Traffic Commute Time Index,,
Cape Verde,Pollution Index,,
Cape Verde,Quality of Life Index,,
Cayman Islands,Purchasing Power Index,126.66,Very High
Cayman Islands,Safety Index,72.18,High
Cayman Islands,Health Care Index,62.04,High
Cayman Islands,Climate Index,,
Cayman Islands,Cost of Living Index,142.14,Very High
Cayman Islands,Property Price to Income Ratio,7.26,Low
Cayman Islands,Traffic Commute Time Index,7.75,Very Low
Cayman Islands,Pollution Index,24.43,Low
Cayman Islands,Quality of Life Index,,
Chile,Purchasing Power Index,50.30,Low
Chile,Safety Index,53.01,Moderate
Chile,Health Care Index,65.06,High
Chile,Climate Index,90.21,Very High
Chile,Cost of Living Index,48.46,Low
Chile,Property Price to Income Ratio,13.43,High
Chile,Traffic Commute Time Index,35.49,Moderate
Chile,Pollution Index,65.52,High
Chile,Quality of Life Index,123.02,High
China,Purchasing Power Index,62.83,Low
China,Safety Index,63.35,High
China,Health Care Index,64.36,High
China,Climate Index,78.91,High
China,Cost of Living Index,40.25,Very Low
China,Property Price to Income Ratio,30.50,Very High
China,Traffic Commute Time Index,41.64,Moderate
China,Pollution Index,81.10,Very High
China,Quality of Life Index,99.44,Moderate
Colombia,Purchasing Power Index,33.86,Very Low
Colombia,Safety Index,47.36,Moderate
Colombia,Health Care Index,67.72,High
Colombia,Climate Index,96.69,Very High
Colombia,Cost of Living Index,30.20,Very Low
Colombia,Property Price to Income Ratio,19.46,Very High
Colombia,Traffic Commute Time Index,45.51,High
Colombia,Pollution Index,62.55,High
Colombia,Quality of Life Index,109.61,Moderate
Congo,Purchasing Power Index,20.30,Very Low
Congo,Safety Index,34.05,Low
Congo,Health Care Index,59.03,Moderate
Congo,Climate Index,,
Congo,Cost of Living Index,100.16,High
Congo,Property Price to Income Ratio,49.49,Very High
Congo,Traffic Commute Time Index,30.00,Low
Congo,Pollution Index,108.05,Very High
Congo,Quality of Life Index,,
Costa Rica,Purchasing Power Index,45.78,Low
Costa Rica,Safety Index,44.23,Moderate
Costa Rica,Health Care Index,62.97,High
Costa Rica,Climate Index,99.48,Very High
Costa Rica,Cost of Living Index,55.61,Low
Costa Rica,Property Price to Income Ratio,9.41,Moderate
Costa Rica,Traffic Commute Time Index,62.18,Very High
Costa Rica,Pollution Index,48.84,Moderate
Costa Rica,Quality of Life Index,120.15,High
Croatia,Purchasing Power Index,56.44,Low
Croatia,Safety Index,76.49,High
Croatia,Health Care Index,65.02,High
Croatia,Climate Index,89.05,Very High
Croatia,Cost of Living Index,49.50,Low
Croatia,Property Price to Income Ratio,12.62,High
Croatia,Traffic Commute Time Index,29.86,Low
Croatia,Pollution Index,29.08,Low
Croatia,Quality of Life Index,164.63,Very High
Cuba,Purchasing Power Index,2.62,Very Low
Cuba,Safety Index,71.80,High
Cuba,Health Care Index,57.72,Moderate
Cuba,Climate Index,,
Cuba,Cost of Living Index,41.59,Very Low
Cuba,Property Price to Income Ratio,35.94,Very High
Cuba,Traffic Commute Time Index,33.33,Low
Cuba,Pollution Index,75.57,High
Cuba,Quality of Life Index,,
Curacao,Purchasing Power Index,53.75,Low
Curacao,Safety Index,44.32,Moderate
Curacao,Health Care Index,33.33,Low
Curacao,Climate Index,,
Curacao,Cost of Living Index,70.98,Moderate
Curacao,Property Price to Income Ratio,8.24,Moderate
Curacao,Traffic Commute Time Index,17.50,Very Low
Curacao,Pollution Index,60.50,High
Curacao,Quality of Life Index,,
Cyprus,Purchasing Power Index,66.14,Moderate
Cyprus,Safety Index,70.46,High
Cyprus,Health Care Index,51.92,Moderate
Cyprus,Climate Index,90.87,Very High
Cyprus,Cost of Living Index,58.06,Low
Cyprus,Property Price to Income Ratio,7.95,Moderate
Cyprus,Traffic Commute Time Index,21.06,Very Low
Cyprus,Pollution Index,53.96,Moderate
Cyprus,Quality of Life Index,152.49,Very High
Czech Republic,Purchasing Power Index,70.20,Moderate
Czech Republic,Safety Index,74.00,High
Czech Republic,Health Care Index,74.75,High
Czech Republic,Climate Index,77.13,High
Czech Republic,Cost of Living Index,45.20,Very Low
Czech Republic,Property Price to Income Ratio,14.41,High
Czech Republic,Traffic Commute Time Index,29.66,Low
Czech Republic,Pollution Index,40.18,Moderate
Czech Republic,Quality of Life Index,160.14,Very High
Denmark,Purchasing Power Index,107.85,High
Denmark,Safety Index,75.52,High
Denmark,Health Care Index,79.44,High
Denmark,Climate Index,82.29,Very High
Denmark,Cost of Living Index,82.95,Moderate
Denmark,Property Price to Income Ratio,7.57,Moderate
Denmark,Traffic Commute Time Index,29.60,Low
Denmark,Pollution Index,21.27,Low
Denmark,Quality of Life Index,195.26,Very High
Djibouti,Purchasing Power Index,41.76,Very Low
Djibouti,Safety Index,39.63,Low
Djibouti,Health Care Index,,
Djibouti,Climate Index,,
Djibouti,Cost of Living Index,68.82,Moderate
Djibouti,Property Price to Income Ratio,3.94,Very Low
Djibouti,Traffic Commute Time Index,31.00,Low
Djibouti,Pollution Index,55.80,Moderate
Djibouti,Quality of Life Index,,
Dominica,Purchasing Power Index,,
Dominica,Safety Index,45.66,Moderate
Dominica,Health Care Index,38.89,Low
Dominica,Climate Index,,
Dominica,Cost of Living Index,,
Dominica,Property Price to Income Ratio,1.00,Very Low
Dominica,Traffic Commute Time Index,,
Dominica,Pollution Index,,
Dominica,Quality of Life Index,,
Dominican Republic,Purchasing Power Index,24.67,Very Low
Dominican Republic,Safety Index,39.38,Low
Dominican Republic,Health Care Index,53.28,Moderate
Dominican Republic,Climate Index,67.82,High
Dominican Republic,Cost of Living Index,45.93,Very Low
Dominican Republic,Property Price to Income Ratio,13.40,High
Dominican Republic,Traffic Commute Time Index,40.87,Moderate
Dominican Republic,Pollution Index,77.87,High
Dominican Republic,Quality of Life Index,83.15,Moderate
Ecuador,Purchasing Power Index,41.03,Very Low
Ecuador,Safety Index,50.96,Moderate
Ecuador,Health Care Index,70.81,High
Ecuador,Climate Index,92.59,Very High
Ecuador,Cost of Living Index,41.48,Very Low
Ecuador,Property Price to Income Ratio,11.89,Moderate
Ecuador,Traffic Commute Time Index,38.18,Moderate
Ecuador,Pollution Index,56.64,Moderate
Ecuador,Quality of Life Index,128.20,High
Egypt,Purchasing Power Index,22.59,Very Low
Egypt,Safety Index,51.40,Moderate
Egypt,Health Care Index,44.88,Moderate
Egypt,Climate Index,91.98,Very High
Egypt,Cost of Living Index,29.23,Very Low
Egypt,Property Price to Income Ratio,13.74,High
Egypt,Traffic Commute Time Index,48.40,High
Egypt,Pollution Index,86.17,Very High
Egypt,Quality of Life Index,85.04,Moderate
El Salvador,Purchasing Power Index,27.99,Very Low
El Salvador,Safety Index,31.37,Low
El Salvador,Health Care Index,53.24,Moderate
El Salvador,Climate Index,,
El Salvador,Cost of Living Index,47.67,Low
El Salvador,Property Price to Income Ratio,14.21,High
El Salvador,Traffic Commute Time Index,37.77,Moderate
El Salvador,Pollution Index,79.60,High
El Salvador,Quality of Life Index,,
Equatorial Guinea,Purchasing Power Index,,
Equatorial Guinea,Safety Index,60.45,High
Equatorial Guinea,Health Care Index,42.59,Moderate
Equatorial Guinea,Climate Index,,
Equatorial Guinea,Cost of Living Index,,
Equatorial Guinea,Property Price to Income Ratio,8.92,Moderate
Equatorial Guinea,Traffic Commute Time Index,20.50,Very Low
Equatorial Guinea,Pollution Index,60.06,High
Equatorial Guinea,Quality of Life Index,,
Eritrea,Purchasing Power Index,,
Eritrea,Safety Index,65.23,High
Eritrea,Health Care Index,,
Eritrea,Climate Index,,
Eritrea,Cost of Living Index,,
Eritrea,Property Price to Income Ratio,26.43,Very High
Eritrea,Traffic Commute Time Index,,
Eritrea,Pollution Index,15.52,Very Low
Eritrea,Quality of Life Index,,
Estonia,Purchasing Power Index,75.26,Moderate
Estonia,Safety Index,77.79,High
Estonia,Health Care Index,68.76,High
Estonia,Climate Index,64.28,High
Estonia,Cost of Living Index,50.41,Low
Estonia,Property Price to Income Ratio,9.03,Moderate
Estonia,Traffic Commute Time Index,25.49,Low
Estonia,Pollution Index,19.59,Very Low
Estonia,Quality of Life Index,178.05,Very High
Ethiopia,Purchasing Power Index,9.20,Very Low
Ethiopia,Safety Index,52.54,Moderate
Ethiopia,Health Care Index,54.03,Moderate
Ethiopia,Climate Index,,
Ethiopia,Cost of Living Index,56.15,Low
Ethiopia,Property Price to Income Ratio,38.41,Very High
Ethiopia,Traffic Commute Time Index,58.50,High
Ethiopia,Pollution Index,79.40,High
Ethiopia,Quality of Life Index,,
Faroe Islands,Purchasing Power Index,,
Faroe Islands,Safety Index,80.53,Very High
Faroe Islands,Health Care Index,77.78,High
Faroe Islands,Climate Index,,
Faroe Islands,Cost of Living Index,,
Faroe Islands,Property Price to Income Ratio,5.11,Low
Faroe Islands,Traffic Commute Time Index,,
Faroe Islands,Pollution Index,11.21,Very Low
Faroe Islands,Quality of Life Index,,
Fiji,Purchasing Power Index,35.94,Very Low
Fiji,Safety Index,41.13,Moderate
Fiji,Health Care Index,47.20,Moderate
Fiji,Climate Index,71.89,High
Fiji,Cost of Living Index,48.99,Low
Fiji,Property Price to Income Ratio,8.94,Moderate
Fiji,Traffic Commute Time Index,41.08,Moderate
Fiji,Pollution Index,55.06,Moderate
Fiji,Quality of Life Index,106.69,Moderate
Finland,Purchasing Power Index,107.30,High
Finland,Safety Index,77.38,High
Finland,Health Care Index,75.50,High
Finland,Climate Index,62.79,High
Finland,Cost of Living Index,70.86,Moderate
Finland,Property Price to Income Ratio,7.99,Moderate
Finland,Traffic Commute Time Index,30.65,Low
Finland,Pollution Index,11.72,Very Low
Finland,Quality of Life Index,194.53,Very High
France,Purchasing Power Index,85.69,Moderate
France,Safety Index,53.65,Moderate
France,Health Care Index,78.47,High
France,Climate Index,89.76,Very High
France,Cost of Living Index,73.79,Moderate
France,Property Price to Income Ratio,14.04,High
France,Traffic Commute Time Index,34.43,Low
France,Pollution Index,42.78,Moderate
France,Quality of Life Index,155.25,Very High
French Polynesia,Purchasing Power Index,49.17,Low
French Polynesia,Safety Index,35.29,Low
French Polynesia,Health Care Index,96.30,Very High
French Polynesia,Climate Index,,
French Polynesia,Cost of Living Index,90.74,High
French Polynesia,Property Price to Income Ratio,40.26,Very High
French Polynesia,Traffic Commute Time Index,30.00,Low
French Polynesia,Pollution Index,47.56,Moderate
French Polynesia,Quality of Life Index,,
Gabon,Purchasing Power Index,29.66,Very Low
Gabon,Safety Index,55.15,Moderate
Gabon,Health Care Index,31.25,Low
Gabon,Climate Index,,
Gabon,Cost of Living Index,65.27,Moderate
Gabon,Property Price to Income Ratio,20.28,Very High
Gabon,Traffic Commute Time Index,16.35,Very Low
Gabon,Pollution Index,69.14,High
Gabon,Quality of Life Index,,
Gambia,Purchasing Power Index,,
Gambia,Safety Index,60.29,High
Gambia,Health Care Index,,
Gambia,Climate Index,,
Gambia,Cost of Living Index,,
Gambia,Property Price to Income Ratio,375.00,
Gambia,Traffic Commute Time Index,65.00,Very High
Gambia,Pollution Index,55.17,Moderate
Gambia,Quality of Life Index,,
Georgia,Purchasing Power Index,29.38,Very Low
Georgia,Safety Index,79.82,High
Georgia,Health Care Index,51.75,Moderate
Georgia,Climate Index,84.20,Very High
Georgia,Cost of Living Index,27.11,Very Low
Georgia,Property Price to Income Ratio,13.76,High
Georgia,Traffic Commute Time Index,36.55,Moderate
Georgia,Pollution Index,71.12,High
Georgia,Quality of Life Index,118.27,High
Germany,Purchasing Power Index,109.94,High
Germany,Safety Index,65.19,High
Germany,Health Care Index,73.25,High
Germany,Climate Index,82.80,Very High
Germany,Cost of Living Index,65.79,Moderate
Germany,Property Price to Income Ratio,9.53,Moderate
Germany,Traffic Commute Time Index,30.41,Low
Germany,Pollution Index,28.59,Low
Germany,Quality of Life Index,183.10,Very High
Ghana,Purchasing Power Index,21.85,Very Low
Ghana,Safety Index,48.43,Moderate
Ghana,Health Care Index,57.23,Moderate
Ghana,Climate Index,,
Ghana,Cost of Living Index,43.52,Very Low
Ghana,Property Price to Income Ratio,26.69,Very High
Ghana,Traffic Commute Time Index,37.40,Moderate
Ghana,Pollution Index,88.94,Very High
Ghana,Quality of Life Index,,
Gibraltar,Purchasing Power Index,125.40,Very High
Gibraltar,Safety Index,83.80,Very High
Gibraltar,Health Care Index,57.41,Moderate
Gibraltar,Climate Index,,
Gibraltar,Cost of Living Index,64.11,Low
Gibraltar,Property Price to Income Ratio,8.08,Moderate
Gibraltar,Traffic Commute Time Index,23.33,Very Low
Gibraltar,Pollution Index,65.86,High
Gibraltar,Quality of Life Index,,
Greece,Purchasing Power Index,47.67,Low
Greece,Safety Index,60.30,High
Greece,Health Care Index,55.50,Moderate
Greece,Climate Index,94.18,Very High
Greece,Cost of Living Index,55.99,Low
Greece,Property Price to Income Ratio,9.96,Moderate
Greece,Traffic Commute Time Index,33.32,Low
Greece,Pollution Index,52.40,Moderate
Greece,Quality of Life Index,135.66,High
Greenland,Purchasing Power Index,,
Greenland,Safety Index,73.79,High
Greenland,Health Care Index,75.00,High
Greenland,Climate Index,,
Greenland,Cost of Living Index,,
Greenland,Property Price to Income Ratio,10.29,Moderate
Greenland,Traffic Commute Time Index,18.00,Very Low
Greenland,Pollution Index,72.84,High
Greenland,Quality of Life Index,,
Grenada,Purchasing Power Index,,
Grenada,Safety Index,68.75,High
Grenada,Health Care Index,,
Grenada,Climate Index,,
Grenada,Cost of Living Index,,
Grenada,Property Price to Income Ratio,,
Grenada,Traffic Commute Time Index,,
Grenada,Pollution Index,53.33,Moderate
Grenada,Quality of Life Index,,
Guam,Purchasing Power Index,,
Guam,Safety Index,29.24,Low
Guam,Health Care Index,38.24,Low
Guam,Climate Index,,
Guam,Cost of Living Index,,
Guam,Property Price to Income Ratio,,
Guam,Traffic Commute Time Index,45.00,High
Guam,Pollution Index,36.64,Low
Guam,Quality of Life Index,,
Guatemala,Purchasing Power Index,40.71,Very Low
Guatemala,Safety Index,43.95,Moderate
Guatemala,Health Care Index,68.30,High
Guatemala,Climate Index,99.89,Very High
Guatemala,Cost of Living Index,42.95,Very Low
Guatemala,Property Price to Income Ratio,10.77,Moderate
Guatemala,Traffic Commute Time Index,47.92,High
Guatemala,Pollution Index,74.06,High
Guatemala,Quality of Life Index,110.48,High
Guernsey,Purchasing Power Index,77.92,Moderate
Guernsey,Safety Index,82.89,Very High
Guernsey,Health Care Index,54.17,Moderate
Guernsey,Climate Index,,
Guernsey,Cost of Living Index,118.67,Very High
Guernsey,Property Price to Income Ratio,6.49,Low
Guernsey,Traffic Commute Time Index,10.00,Very Low
Guernsey,Pollution Index,27.59,Low
Guernsey,Quality of Life Index,,
Guyana,Purchasing Power Index,33.33,Very Low
Guyana,Safety Index,32.80,Low
Guyana,Health Care Index,35.06,Low
Guyana,Climate Index,,
Guyana,Cost of Living Index,41.43,Very Low
Guyana,Property Price to Income Ratio,52.09,Very High
Guyana,Traffic Commute Time Index,52.00,High
Guyana,Pollution Index,64.70,High
Guyana,Quality of Life Index,,
Haiti,Purchasing Power Index,,
Haiti,Safety Index,34.89,Low
Haiti,Health Care Index,46.30,Moderate
Haiti,Climate Index,,
Haiti,Cost of Living Index,,
Haiti,Property Price to Income Ratio,16.15,Very High
Haiti,Traffic Commute Time Index,90.00,Very High
Haiti,Pollution Index,83.10,Very High
Haiti,Quality of Life Index,,
Honduras,Purchasing Power Index,34.55,Very Low
Honduras,Safety Index,24.16,Low
Honduras,Health Care Index,35.41,Low
Honduras,Climate Index,,
Honduras,Cost of Living Index,42.39,Very Low
Honduras,Property Price to Income Ratio,10.19,Moderate
Honduras,Traffic Commute Time Index,22.43,Very Low
Honduras,Pollution Index,79.13,High
Honduras,Quality of Life Index,,
Hong Kong,Purchasing Power Index,65.45,Moderate
Hong Kong,Safety Index,82.00,Very High
Hong Kong,Health Care Index,67.07,High
Hong Kong,Climate Index,83.64,Very High
Hong Kong,Cost of Living Index,79.28,Moderate
Hong Kong,Property Price to Income Ratio,49.58,Very High
Hong Kong,Traffic Commute Time Index,40.94,Moderate
Hong Kong,Pollution Index,67.25,High
Hong Kong,Quality of Life Index,99.08,Moderate
Hungary,Purchasing Power Index,53.16,Low
Hungary,Safety Index,64.63,High
Hungary,Health Care Index,47.35,Moderate
Hungary,Climate Index,79.48,High
Hungary,Cost of Living Index,41.08,Very Low
Hungary,Property Price to Income Ratio,12.68,High
Hungary,Traffic Commute Time Index,35.70,Moderate
Hungary,Pollution Index,47.58,Moderate
Hungary,Quality of Life Index,132.66,High
Iceland,Purchasing Power Index,90.96,Moderate
Iceland,Safety Index,76.91,High
Iceland,Health Care Index,65.96,High
Iceland,Climate Index,68.81,High
Iceland,Cost of Living Index,99.74,High
Iceland,Property Price to Income Ratio,6.40,Low
Iceland,Traffic Commute Time Index,20.36,Very Low
Iceland,Pollution Index,16.09,Very Low
Iceland,Quality of Life Index,186.88,Very High
India,Purchasing Power Index,60.83,Low
India,Safety Index,57.64,Moderate
India,Health Care Index,68.19,High
India,Climate Index,65.77,High
India,Cost of Living Index,24.97,Very Low
India,Property Price to Income Ratio,11.24,Moderate
India,Traffic Commute Time Index,46.50,High
India,Pollution Index,75.65,High
India,Quality of Life Index,114.93,High
Indonesia,Purchasing Power Index,30.36,Very Low
Indonesia,Safety Index,53.68,Moderate
Indonesia,Health Care Index,62.00,High
Indonesia,Climate Index,63.76,High
Indonesia,Cost of Living Index,36.99,Very Low
Indonesia,Property Price to Income Ratio,15.10,High
Indonesia,Traffic Commute Time Index,44.66,Moderate
Indonesia,Pollution Index,64.51,High
Indonesia,Quality of Life Index,100.91,Moderate
Iran,Purchasing Power Index,25.87,Very Low
Iran,Safety Index,50.53,Moderate
Iran,Health Care Index,51.75,Moderate
Iran,Climate Index,70.99,High
Iran,Cost of Living Index,40.06,Very Low
Iran,Property Price to Income Ratio,24.56,Very High
Iran,Traffic Commute Time Index,48.05,High
Iran,Pollution Index,78.02,High
Iran,Quality of Life Index,75.38,Moderate
Iraq,Purchasing Power Index,45.76,Low
Iraq,Safety Index,53.46,Moderate
Iraq,Health Care Index,41.32,Moderate
Iraq,Climate Index,46.98,Moderate
Iraq,Cost of Living Index,39.26,Very Low
Iraq,Property Price to Income Ratio,9.18,Moderate
Iraq,Traffic Commute Time Index,32.67,Low
Iraq,Pollution Index,79.33,High
Iraq,Quality of Life Index,94.89,Moderate
Ireland,Purchasing Power Index,89.29,Moderate
Ireland,Safety Index,53.63,Moderate
Ireland,Health Care Index,50.97,Moderate
Ireland,Climate Index,88.59,Very High
Ireland,Cost of Living Index,75.05,Moderate
Ireland,Property Price to Income Ratio,7.16,Low
Ireland,Traffic Commute Time Index,36.46,Moderate
Ireland,Pollution Index,33.85,Low
Ireland,Quality of Life Index,156.99,Very High
Isle Of Man,Purchasing Power Index,,
Isle Of Man,Safety Index,82.96,Very High
Isle Of Man,Health Care Index,75.56,High
Isle Of Man,Climate Index,,
Isle Of Man,Cost of Living Index,,
Isle Of Man,Property Price to Income Ratio,3.61,Very Low
Isle Of Man,Traffic Commute Time Index,5.00,Very Low
Isle Of Man,Pollution Index,22.03,Low
Isle Of Man,Quality of Life Index,,
Israel,Purchasing Power Index,84.49,Moderate
Israel,Safety Index,68.84,High
Israel,Health Care Index,73.30,High
Israel,Climate Index,93.80,Very High
Israel,Cost of Living Index,80.13,Moderate
Israel,Property Price to Income Ratio,13.79,High
Israel,Traffic Commute Time Index,35.57,Moderate
Israel,Pollution Index,56.51,Moderate
Israel,Quality of Life Index,151.54,Very High
Italy,Purchasing Power Index,72.25,Moderate
Italy,Safety Index,55.69,Moderate
Italy,Health Care Index,66.53,High
Italy,Climate Index,91.26,Very High
Italy,Cost of Living Index,68.12,Moderate
Italy,Property Price to Income Ratio,9.48,Moderate
Italy,Traffic Commute Time Index,34.82,Low
Italy,Pollution Index,54.94,Moderate
Italy,Quality of Life Index,143.44,High
Ivory Coast,Purchasing Power Index,20.00,Very Low
Ivory Coast,Safety Index,49.55,Moderate
Ivory Coast,Health Care Index,34.26,Low
Ivory Coast,Climate Index,,
Ivory Coast,Cost of Living Index,52.03,Low
Ivory Coast,Property Price to Income Ratio,14.66,High
Ivory Coast,Traffic Commute Time Index,42.50,Moderate
Ivory Coast,Pollution Index,94.17,Very High
Ivory Coast,Quality of Life Index,,
Jamaica,Purchasing Power Index,34.29,Very Low
Jamaica,Safety Index,34.74,Low
Jamaica,Health Care Index,52.66,Moderate
Jamaica,Climate Index,,
Jamaica,Cost of Living Index,55.96,Low
Jamaica,Property Price to Income Ratio,12.18,High
Jamaica,Traffic Commute Time Index,54.43,High
Jamaica,Pollution Index,69.94,High
Jamaica,Quality of Life Index,,
Japan,Purchasing Power Index,96.39,High
Japan,Safety Index,84.54,Very High
Japan,Health Care Index,80.60,Very High
Japan,Climate Index,85.26,Very High
Japan,Cost of Living Index,84.71,Moderate
Japan,Property Price to Income Ratio,12.67,High
Japan,Traffic Commute Time Index,38.99,Moderate
Japan,Pollution Index,36.67,Low
Japan,Quality of Life Index,176.41,Very High
Jersey,Purchasing Power Index,,
Jersey,Safety Index,71.57,High
Jersey,Health Care Index,57.78,Moderate
Jersey,Climate Index,,
Jersey,Cost of Living Index,,
Jersey,Property Price to Income Ratio,9.14,Moderate
Jersey,Traffic Commute Time Index,25.00,Low
Jersey,Pollution Index,40.47,Moderate
Jersey,Quality of Life Index,,
Jordan,Purchasing Power Index,36.68,Very Low
Jordan,Safety Index,57.17,Moderate
Jordan,Health Care Index,65.63,High
Jordan,Climate Index,89.05,Very High
Jordan,Cost of Living Index,55.08,Low
Jordan,Property Price to Income Ratio,8.62,Moderate
Jordan,Traffic Commute Time Index,43.16,Moderate
Jordan,Pollution Index,78.98,High
Jordan,Quality of Life Index,110.83,High
Kazakhstan,Purchasing Power Index,38.04,Very Low
Kazakhstan,Safety Index,35.89,Low
Kazakhstan,Health Care Index,50.29,Moderate
Kazakhstan,Climate Index,39.78,Moderate
Kazakhstan,Cost of Living Index,29.80,Very Low
Kazakhstan,Property Price to Income Ratio,11.73,Moderate
Kazakhstan,Traffic Commute Time Index,31.64,Low
Kazakhstan,Pollution Index,74.99,High
Kazakhstan,Quality of Life Index,86.02,Moderate
Kenya,Purchasing Power Index,28.57,Very Low
Kenya,Safety Index,37.70,Low
Kenya,Health Care Index,53.40,Moderate
Kenya,Climate Index,99.79,Very High
Kenya,Cost of Living Index,39.20,Very Low
Kenya,Property Price to Income Ratio,31.26,Very High
Kenya,Traffic Commute Time Index,55.80,High
Kenya,Pollution Index,74.53,High
Kenya,Quality of Life Index,72.13,Moderate
Kosovo (Disputed Territory),Purchasing Power Index,53.02,Low
Kosovo (Disputed Territory),Safety Index,68.46,High
Kosovo (Disputed Territory),Health Care Index,63.52,High
Kosovo (Disputed Territory),Climate Index,76.84,High
Kosovo (Disputed Territory),Cost of Living Index,26.97,Very Low
Kosovo (Disputed Territory),Property Price to Income Ratio,11.56,Moderate
Kosovo (Disputed Territory),Traffic Commute Time Index,24.54,Very Low
Kosovo (Disputed Territory),Pollution Index,69.85,High
Kosovo (Disputed Territory),Quality of Life Index,133.36,High
Kuwait,Purchasing Power Index,95.86,High
Kuwait,Safety Index,64.42,High
Kuwait,Health Care Index,54.86,Moderate
Kuwait,Climate Index,,
Kuwait,Cost of Living Index,50.12,Low
Kuwait,Property Price to Income Ratio,14.05,High
Kuwait,Traffic Commute Time Index,34.73,Low
Kuwait,Pollution Index,70.20,High
Kuwait,Quality of Life Index,,
Kyrgyzstan,Purchasing Power Index,24.90,Very Low
Kyrgyzstan,Safety Index,40.51,Moderate
Kyrgyzstan,Health Care Index,54.58,Moderate
Kyrgyzstan,Climate Index,58.11,Moderate
Kyrgyzstan,Cost of Living Index,27.93,Very Low
Kyrgyzstan,Property Price to Income Ratio,15.79,High
Kyrgyzstan,Traffic Commute Time Index,35.57,Moderate
Kyrgyzstan,Pollution Index,66.28,High
Kyrgyzstan,Quality of Life Index,90.87,Moderate
Laos,Purchasing Power Index,15.62,Very Low
Laos,Safety Index,66.10,High
Laos,Health Care Index,34.26,Low
Laos,Climate Index,,
Laos,Cost of Living Index,55.82,Low
Laos,Property Price to Income Ratio,38.56,Very High
Laos,Traffic Commute Time Index,30.00,Low
Laos,Pollution Index,79.31,High
Laos,Quality of Life Index,,
Latvia,Purchasing Power Index,55.18,Low
Latvia,Safety Index,63.47,High
Latvia,Health Care Index,63.79,High
Latvia,Climate Index,74.70,High
Latvia,Cost of Living Index,48.95,Low
Latvia,Property Price to Income Ratio,8.79,Moderate
Latvia,Traffic Commute Time Index,31.53,Low
Latvia,Pollution Index,32.87,Low
Latvia,Quality of Life Index,152.86,Very High
Lebanon,Purchasing Power Index,49.09,Low
Lebanon,Safety Index,56.74,Moderate
Lebanon,Health Care Index,64.81,High
Lebanon,Climate Index,94.74,Very High
Lebanon,Cost of Living Index,59.97,Low
Lebanon,Property Price to Income Ratio,13.60,High
Lebanon,Traffic Commute Time Index,36.13,Moderate
Lebanon,Pollution Index,88.19,Very High
Lebanon,Quality of Life Index,109.05,Moderate
Lesotho,Purchasing Power Index,35.09,Very Low
Lesotho,Safety Index,38.46,Low
Lesotho,Health Care Index,55.56,Moderate
Lesotho,Climate Index,,
Lesotho,Cost of Living Index,32.44,Very Low
Lesotho,Property Price to Income Ratio,81.63,Very High
Lesotho,Traffic Commute Time Index,80.00,Very High
Lesotho,Pollution Index,56.32,Moderate
Lesotho,Quality of Life Index,,
Liberia,Purchasing Power Index,,
Liberia,Safety Index,17.95,Very Low
Liberia,Health Care Index,37.04,Low
Liberia,Climate Index,,
Liberia,Cost of Living Index,85.37,Moderate
Liberia,Property Price to Income Ratio,,
Liberia,Traffic Commute Time Index,30.00,Low
Liberia,Pollution Index,92.88,Very High
Liberia,Quality of Life Index,,
Libya,Purchasing Power Index,52.84,Low
Libya,Safety Index,38.58,Low
Libya,Health Care Index,54.29,Moderate
Libya,Climate Index,,
Libya,Cost of Living Index,61.76,Low
Libya,Property Price to Income Ratio,7.10,Low
Libya,Traffic Commute Time Index,21.00,Very Low
Libya,Pollution Index,50.10,Moderate
Libya,Quality of Life Index,,
Lithuania,Purchasing Power Index,59.20,Low
Lithuania,Safety Index,65.60,High
Lithuania,Health Care Index,68.79,High
Lithuania,Climate Index,69.86,High
Lithuania,Cost of Living Index,45.00,Very Low
Lithuania,Property Price to Income Ratio,11.08,Moderate
Lithuania,Traffic Commute Time Index,26.34,Low
Lithuania,Pollution Index,29.84,Low
Lithuania,Quality of Life Index,158.64,Very High
Luxembourg,Purchasing Power Index,105.43,High
Luxembourg,Safety Index,69.04,High
Luxembourg,Health Care Index,76.39,High
Luxembourg,Climate Index,82.62,Very High
Luxembourg,Cost of Living Index,83.65,Moderate
Luxembourg,Property Price to Income Ratio,11.22,Moderate
Luxembourg,Traffic Commute Time Index,33.33,Low
Luxembourg,Pollution Index,23.53,Low
Luxembourg,Quality of Life Index,182.85,Very High
Macao,Purchasing Power Index,,
Macao,Safety Index,75.78,High
Macao,Health Care Index,45.56,Moderate
Macao,Climate Index,,
Macao,Cost of Living Index,,
Macao,Property Price to Income Ratio,26.55,Very High
Macao,Traffic Commute Time Index,14.14,Very Low
Macao,Pollution Index,69.35,High
Macao,Quality of Life Index,,
Macedonia,Purchasing Power Index,39.59,Very Low
Macedonia,Safety Index,60.64,High
Macedonia,Health Care Index,57.26,Moderate
Macedonia,Climate Index,76.30,High
Macedonia,Cost of Living Index,32.23,Very Low
Macedonia,Property Price to Income Ratio,13.30,High
Macedonia,Traffic Commute Time Index,28.98,Low
Macedonia,Pollution Index,80.17,Very High
Macedonia,Quality of Life Index,110.03,High
Madagascar,Purchasing Power Index,,
Madagascar,Safety Index,40.98,Moderate
Madagascar,Health Care Index,31.94,Low
Madagascar,Climate Index,,
Madagascar,Cost of Living Index,,
Madagascar,Property Price to Income Ratio,,
Madagascar,Traffic Commute Time Index,2.00,Very Low
Madagascar,Pollution Index,85.65,Very High
Madagascar,Quality of Life Index,,
Malawi,Purchasing Power Index,,
Malawi,Safety Index,47.79,Moderate
Malawi,Health Care Index,29.17,Low
Malawi,Climate Index,,
Malawi,Cost of Living Index,,
Malawi,Property Price to Income Ratio,,
Malawi,Traffic Commute Time Index,20.34,Very Low
Malawi,Pollution Index,64.83,High
Malawi,Quality of Life Index,,
Malaysia,Purchasing Power Index,68.62,Moderate
Malaysia,Safety Index,39.39,Low
Malaysia,Health Care Index,68.01,High
Malaysia,Climate Index,58.17,Moderate
Malaysia,Cost of Living Index,39.27,Very Low
Malaysia,Property Price to Income Ratio,9.73,Moderate
Malaysia,Traffic Commute Time Index,37.30,Moderate
Malaysia,Pollution Index,62.61,High
Malaysia,Quality of Life Index,119.69,High
Maldives,Purchasing Power Index,28.36,Very Low
Maldives,Safety Index,46.17,Moderate
Maldives,Health Care Index,37.80,Low
Maldives,Climate Index,,
Maldives,Cost of Living Index,64.03,Low
Maldives,Property Price to Income Ratio,21.93,Very High
Maldives,Traffic Commute Time Index,35.00,Moderate
Maldives,Pollution Index,81.74,Very High
Maldives,Quality of Life Index,,
Mali,Purchasing Power Index,,
Mali,Safety Index,62.34,High
Mali,Health Care Index,8.33,Very Low
Mali,Climate Index,,
Mali,Cost of Living Index,,
Mali,Property Price to Income Ratio,,
Mali,Traffic Commute Time Index,,
Mali,Pollution Index,93.10,Very High
Mali,Quality of Life Index,,
Malta,Purchasing Power Index,54.39,Low
Malta,Safety Index,61.57,High
Malta,Health Care Index,72.83,High
Malta,Climate Index,97.44,Very High
Malta,Cost of Living Index,64.43,Low
Malta,Property Price to Income Ratio,11.48,Moderate
Malta,Traffic Commute Time Index,28.63,Low
Malta,Pollution Index,76.10,High
Malta,Quality of Life Index,131.17,High
Mauritania,Purchasing Power Index,,
Mauritania,Safety Index,51.47,Moderate
Mauritania,Health Care Index,42.13,Moderate
Mauritania,Climate Index,,
Mauritania,Cost of Living Index,,
Mauritania,Property Price to Income Ratio,,
Mauritania,Traffic Commute Time Index,,
Mauritania,Pollution Index,69.40,High
Mauritania,Quality of Life Index,,
Mauritius,Purchasing Power Index,35.43,Very Low
Mauritius,Safety Index,52.66,Moderate
Mauritius,Health Care Index,63.73,High
Mauritius,Climate Index,,
Mauritius,Cost of Living Index,51.35,Low
Mauritius,Property Price to Income Ratio,7.66,Moderate
Mauritius,Traffic Commute Time Index,55.40,High
Mauritius,Pollution Index,55.67,Moderate
Mauritius,Quality of Life Index,,
Mexico,Purchasing Power Index,45.78,Low
Mexico,Safety Index,47.44,Moderate
Mexico,Health Care Index,69.31,High
Mexico,Climate Index,88.72,Very High
Mexico,Cost of Living Index,34.36,Very Low
Mexico,Property Price to Income Ratio,10.11,Moderate
Mexico,Traffic Commute Time Index,38.64,Moderate
Mexico,Pollution Index,66.96,High
Mexico,Quality of Life Index,121.82,High
Moldova,Purchasing Power Index,28.93,Very Low
Moldova,Safety Index,54.69,Moderate
Moldova,Health Care Index,52.73,Moderate
Moldova,Climate Index,76.91,High
Moldova,Cost of Living Index,32.86,Very Low
Moldova,Property Price to Income Ratio,13.25,High
Moldova,Traffic Commute Time Index,26.36,Low
Moldova,Pollution Index,65.87,High
Moldova,Quality of Life Index,112.02,High
Monaco,Purchasing Power Index,55.92,Low
Monaco,Safety Index,78.10,High
Monaco,Health Care Index,79.63,High
Monaco,Climate Index,,
Monaco,Cost of Living Index,105.93,High
Monaco,Property Price to Income Ratio,72.15,Very High
Monaco,Traffic Commute Time Index,18.33,Very Low
Monaco,Pollution Index,86.04,Very High
Monaco,Quality of Life Index,,
Mongolia,Purchasing Power Index,29.37,Very Low
Mongolia,Safety Index,44.46,Moderate
Mongolia,Health Care Index,48.54,Moderate
Mongolia,Climate Index,-3.54,Low
Mongolia,Cost of Living Index,34.32,Very Low
Mongolia,Property Price to Income Ratio,14.13,High
Mongolia,Traffic Commute Time Index,33.90,Low
Mongolia,Pollution Index,93.20,Very High
Mongolia,Quality of Life Index,55.57,Low
Montenegro,Purchasing Power Index,43.14,Very Low
Montenegro,Safety Index,60.28,High
Montenegro,Health Care Index,42.94,Moderate
Montenegro,Climate Index,88.40,Very High
Montenegro,Cost of Living Index,38.46,Very Low
Montenegro,Property Price to Income Ratio,13.62,High
Montenegro,Traffic Commute Time Index,14.38,Very Low
Montenegro,Pollution Index,46.08,Moderate
Montenegro,Quality of Life Index,138.67,High
Morocco,Purchasing Power Index,39.02,Very Low
Morocco,Safety Index,50.45,Moderate
Morocco,Health Care Index,39.83,Low
Morocco,Climate Index,86.09,Very High
Morocco,Cost of Living Index,34.39,Very Low
Morocco,Property Price to Income Ratio,14.41,High
Morocco,Traffic Commute Time Index,36.83,Moderate
Morocco,Pollution Index,68.70,High
Morocco,Quality of Life Index,103.41,Moderate
Mozambique,Purchasing Power Index,25.01,Very Low
Mozambique,Safety Index,39.01,Low
Mozambique,Health Care Index,40.12,Moderate
Mozambique,Climate Index,,
Mozambique,Cost of Living Index,44.78,Very Low
Mozambique,Property Price to Income Ratio,11.92,Moderate
Mozambique,Traffic Commute Time Index,26.25,Low
Mozambique,Pollution Index,73.33,High
Mozambique,Quality of Life Index,,
Myanmar,Purchasing Power Index,12.46,Very Low
Myanmar,Safety Index,57.50,Moderate
Myanmar,Health Care Index,46.87,Moderate
Myanmar,Climate Index,,
Myanmar,Cost of Living Index,47.92,Low
Myanmar,Property Price to Income Ratio,10.24,Moderate
Myanmar,Traffic Commute Time Index,53.33,High
Myanmar,Pollution Index,93.08,Very High
Myanmar,Quality of Life Index,,
Namibia,Purchasing Power Index,56.45,Low
Namibia,Safety Index,31.86,Low
Namibia,Health Care Index,60.06,High
Namibia,Climate Index,,
Namibia,Cost of Living Index,44.17,Very Low
Namibia,Property Price to Income Ratio,4.52,Very Low
Namibia,Traffic Commute Time Index,29.58,Low
Namibia,Pollution Index,47.40,Moderate
Namibia,Quality of Life Index,,
Nepal,Purchasing Power Index,23.60,Very Low
Nepal,Safety Index,64.56,High
Nepal,Health Care Index,56.27,Moderate
Nepal,Climate Index,92.64,Very High
Nepal,Cost of Living Index,30.27,Very Low
Nepal,Property Price to Income Ratio,26.07,Very High
Nepal,Traffic Commute Time Index,39.96,Moderate
Nepal,Pollution Index,85.00,Very High
Nepal,Quality of Life Index,89.37,Moderate
Netherlands,Purchasing Power Index,96.84,High
Netherlands,Safety Index,71.66,High
Netherlands,Health Care Index,76.40,High
Netherlands,Climate Index,87.56,Very High
Netherlands,Cost of Living Index,74.21,Moderate
Netherlands,Property Price to Income Ratio,7.43,Low
Netherlands,Traffic Commute Time Index,29.11,Low
Netherlands,Pollution Index,27.17,Low
Netherlands,Quality of Life Index,186.79,Very High
New Caledonia,Purchasing Power Index,,
New Caledonia,Safety Index,31.00,Low
New Caledonia,Health Care Index,54.17,Moderate
New Caledonia,Climate Index,,
New Caledonia,Cost of Living Index,,
New Caledonia,Property Price to Income Ratio,8.29,Moderate
New Caledonia,Traffic Commute Time Index,0.00,Very Low
New Caledonia,Pollution Index,59.31,Moderate
New Caledonia,Quality of Life Index,,
New Zealand,Purchasing Power Index,95.93,High
New Zealand,Safety Index,59.11,Moderate
New Zealand,Health Care Index,73.84,High
New Zealand,Climate Index,95.46,Very High
New Zealand,Cost of Living Index,72.59,Moderate
New Zealand,Property Price to Income Ratio,8.32,Moderate
New Zealand,Traffic Commute Time Index,30.65,Low
New Zealand,Pollution Index,23.40,Low
New Zealand,Quality of Life Index,182.78,Very High
Nicaragua,Purchasing Power Index,23.37,Very Low
Nicaragua,Safety Index,55.66,Moderate
Nicaragua,Health Care Index,68.55,High
Nicaragua,Climate Index,,
Nicaragua,Cost of Living Index,45.66,Very Low
Nicaragua,Property Price to Income Ratio,11.46,Moderate
Nicaragua,Traffic Commute Time Index,39.33,Moderate
Nicaragua,Pollution Index,64.25,High
Nicaragua,Quality of Life Index,,
Nigeria,Purchasing Power Index,15.43,Very Low
Nigeria,Safety Index,35.47,Low
Nigeria,Health Care Index,53.51,Moderate
Nigeria,Climate Index,60.75,High
Nigeria,Cost of Living Index,31.85,Very Low
Nigeria,Property Price to Income Ratio,15.50,High
Nigeria,Traffic Commute Time Index,64.92,Very High
Nigeria,Pollution Index,87.16,Very High
Nigeria,Quality of Life Index,56.31,Low
Northern Mariana Islands,Purchasing Power Index,,
Northern Mariana Islands,Safety Index,73.53,High
Northern Mariana Islands,Health Care Index,27.78,Low
Northern Mariana Islands,Climate Index,,
Northern Mariana Islands,Cost of Living Index,,
Northern Mariana Islands,Property Price to Income Ratio,,
Northern Mariana Islands,Traffic Commute Time Index,,
Northern Mariana Islands,Pollution Index,33.62,Low
Northern Mariana Islands,Quality of Life Index,,
Norway,Purchasing Power Index,96.31,High
Norway,Safety Index,66.69,High
Norway,Health Care Index,74.59,High
Norway,Climate Index,71.37,High
Norway,Cost of Living Index,102.42,High
Norway,Property Price to Income Ratio,8.48,Moderate
Norway,Traffic Commute Time Index,27.19,Low
Norway,Pollution Index,20.20,Low
Norway,Quality of Life Index,179.71,Very High
Oman,Purchasing Power Index,81.60,Moderate
Oman,Safety Index,78.55,High
Oman,Health Care Index,58.07,Moderate
Oman,Climate Index,67.22,High
Oman,Cost of Living Index,48.41,Low
Oman,Property Price to Income Ratio,9.63,Moderate
Oman,Traffic Commute Time Index,21.10,Very Low
Oman,Pollution Index,37.36,Low
Oman,Quality of Life Index,167.62,Very High
Pakistan,Purchasing Power Index,35.52,Very Low
Pakistan,Safety Index,56.09,Moderate
Pakistan,Health Care Index,60.27,High
Pakistan,Climate Index,72.99,High
Pakistan,Cost of Living Index,18.41,Very Low
Pakistan,Property Price to Income Ratio,13.89,High
Pakistan,Traffic Commute Time Index,38.06,Moderate
Pakistan,Pollution Index,74.53,High
Pakistan,Quality of Life Index,106.24,Moderate
Palestinian Territory,Purchasing Power Index,51.23,Low
Palestinian Territory,Safety Index,57.23,Moderate
Palestinian Territory,Health Care Index,59.44,Moderate
Palestinian Territory,Climate Index,,
Palestinian Territory,Cost of Living Index,53.87,Low
Palestinian Territory,Property Price to Income Ratio,4.86,Very Low
Palestinian Territory,Traffic Commute Time Index,47.33,High
Palestinian Territory,Pollution Index,66.60,High
Palestinian Territory,Quality of Life Index,,
Panama,Purchasing Power Index,37.91,Very Low
Panama,Safety Index,55.29,Moderate
Panama,Health Care Index,60.10,High
Panama,Climate Index,67.84,High
Panama,Cost of Living Index,52.87,Low
Panama,Property Price to Income Ratio,12.68,High
Panama,Traffic Commute Time Index,37.23,Moderate
Panama,Pollution Index,63.62,High
Panama,Quality of Life Index,110.46,High
Papua New Guinea,Purchasing Power Index,17.52,Very Low
Papua New Guinea,Safety Index,19.78,Very Low
Papua New Guinea,Health Care Index,16.50,Very Low
Papua New Guinea,Climate Index,,
Papua New Guinea,Cost of Living Index,84.20,Moderate
Papua New Guinea,Property Price to Income Ratio,95.74,Very High
Papua New Guinea,Traffic Commute Time Index,23.67,Very Low
Papua New Guinea,Pollution Index,70.18,High
Papua New Guinea,Quality of Life Index,,
Paraguay,Purchasing Power Index,34.51,Very Low
Paraguay,Safety Index,52.93,Moderate
Paraguay,Health Care Index,66.28,High
Paraguay,Climate Index,92.24,Very High
Paraguay,Cost of Living Index,33.71,Very Low
Paraguay,Property Price to Income Ratio,12.39,High
Paraguay,Traffic Commute Time Index,49.40,High
Paraguay,Pollution Index,59.45,Moderate
Paraguay,Quality of Life Index,117.44,High
Peru,Purchasing Power Index,36.84,Very Low
Peru,Safety Index,35.30,Low
Peru,Health Care Index,55.54,Moderate
Peru,Climate Index,97.69,Very High
Peru,Cost of Living Index,38.61,Very Low
Peru,Property Price to Income Ratio,14.77,High
Peru,Traffic Commute Time Index,49.16,High
Peru,Pollution Index,84.60,Very High
Peru,Quality of Life Index,87.56,Moderate
Philippines,Purchasing Power Index,26.63,Very Low
Philippines,Safety Index,58.87,Moderate
Philippines,Health Care Index,66.47,High
Philippines,Climate Index,60.81,High
Philippines,Cost of Living Index,37.04,Very Low
Philippines,Property Price to Income Ratio,23.80,Very High
Philippines,Traffic Commute Time Index,44.33,Moderate
Philippines,Pollution Index,74.45,High
Philippines,Quality of Life Index,87.65,Moderate
Poland,Purchasing Power Index,64.69,Low
Poland,Safety Index,68.05,High
Poland,Health Care Index,56.31,Moderate
Poland,Climate Index,75.81,High
Poland,Cost of Living Index,38.83,Very Low
Poland,Property Price to Income Ratio,11.17,Moderate
Poland,Traffic Commute Time Index,31.64,Low
Poland,Pollution Index,57.18,Moderate
Poland,Quality of Life Index,138.71,High
Portugal,Purchasing Power Index,52.34,Low
Portugal,Safety Index,69.88,High
Portugal,Health Care Index,71.70,High
Portugal,Climate Index,97.55,Very High
Portugal,Cost of Living Index,50.10,Low
Portugal,Property Price to Income Ratio,13.04,High
Portugal,Traffic Commute Time Index,29.34,Low
Portugal,Pollution Index,31.60,Low
Portugal,Quality of Life Index,163.29,Very High
Puerto Rico,Purchasing Power Index,91.36,Moderate
Puerto Rico,Safety Index,34.92,Low
Puerto Rico,Health Care Index,55.51,Moderate
Puerto Rico,Climate Index,,
Puerto Rico,Cost of Living Index,66.62,Moderate
Puerto Rico,Property Price to Income Ratio,3.06,Very Low
Puerto Rico,Traffic Commute Time Index,33.88,Low
Puerto Rico,Pollution Index,50.12,Moderate
Puerto Rico,Quality of Life Index,,
Qatar,Purchasing Power Index,115.85,Very High
Qatar,Safety Index,88.41,Very High
Qatar,Health Care Index,73.14,High
Qatar,Climate Index,36.03,Moderate
Qatar,Cost of Living Index,62.06,Low
Qatar,Property Price to Income Ratio,5.82,Low
Qatar,Traffic Commute Time Index,30.97,Low
Qatar,Pollution Index,61.63,High
Qatar,Quality of Life Index,163.21,Very High
Reunion,Purchasing Power Index,,
Reunion,Safety Index,77.02,High
Reunion,Health Care Index,71.30,High
Reunion,Climate Index,,
Reunion,Cost of Living Index,,
Reunion,Property Price to Income Ratio,8.91,Moderate
Reunion,Traffic Commute Time Index,0.00,Very Low
Reunion,Pollution Index,19.16,Very Low
Reunion,Quality of Life Index,,
Romania,Purchasing Power Index,53.36,Low
Romania,Safety Index,72.18,High
Romania,Health Care Index,55.00,Moderate
Romania,Climate Index,77.62,High
Romania,Cost of Living Index,35.72,Very Low
Romania,Property Price to Income Ratio,11.16,Moderate
Romania,Traffic Commute Time Index,34.87,Low
Romania,Pollution Index,56.78,Moderate
Romania,Quality of Life Index,135.29,High
Russia,Purchasing Power Index,42.87,Very Low
Russia,Safety Index,58.44,Moderate
Russia,Health Care Index,57.53,Moderate
Russia,Climate Index,41.64,Moderate
Russia,Cost of Living Index,38.25,Very Low
Russia,Property Price to Income Ratio,11.18,Moderate
Russia,Traffic Commute Time Index,45.24,High
Russia,Pollution Index,63.41,High
Russia,Quality of Life Index,103.36,Moderate
Rwanda,Purchasing Power Index,20.74,Very Low
Rwanda,Safety Index,78.54,High
Rwanda,Health Care Index,67.71,High
Rwanda,Climate Index,,
Rwanda,Cost of Living Index,33.75,Very Low
Rwanda,Property Price to Income Ratio,278.99,
Rwanda,Traffic Commute Time Index,16.00,Very Low
Rwanda,Pollution Index,39.66,Low
Rwanda,Quality of Life Index,,
Saint Kitts And Nevis,Purchasing Power Index,,
Saint Kitts And Nevis,Safety Index,66.18,High
Saint Kitts And Nevis,Health Care Index,,
Saint Kitts And Nevis,Climate Index,,
Saint Kitts And Nevis,Cost of Living Index,,
Saint Kitts And Nevis,Property Price to Income Ratio,,
Saint Kitts And Nevis,Traffic Commute Time Index,15.00,Very Low
Saint Kitts And Nevis,Pollution Index,,
Saint Kitts And Nevis,Quality of Life Index,,
Saint Lucia,Purchasing Power Index,,
Saint Lucia,Safety Index,43.24,Moderate
Saint Lucia,Health Care Index,47.69,Moderate
Saint Lucia,Climate Index,,
Saint Lucia,Cost of Living Index,,
Saint Lucia,Property Price to Income Ratio,,
Saint Lucia,Traffic Commute Time Index,7.00,Very Low
Saint Lucia,Pollution Index,42.36,Moderate
Saint Lucia,Quality of Life Index,,
Saint Vincent And The Grenadines,Purchasing Power Index,,
Saint Vincent And The Grenadines,Safety Index,64.50,High
Saint Vincent And The Grenadines,Health Care Index,30.56,Low
Saint Vincent And The Grenadines,Climate Index,,
Saint Vincent And The Grenadines,Cost of Living Index,,
Saint Vincent And The Grenadines,Property Price to Income Ratio,,
Saint Vincent And The Grenadines,Traffic Commute Time Index,,
Saint Vincent And The Grenadines,Pollution Index,,
Saint Vincent And The Grenadines,Quality of Life Index,,
Samoa,Purchasing Power Index,,
Samoa,Safety Index,52.70,Moderate
Samoa,Health Care Index,,
Samoa,Climate Index,,
Samoa,Cost of Living Index,,
Samoa,Property Price to Income Ratio,,
Samoa,Traffic Commute Time Index,,
Samoa,Pollution Index,47.93,Moderate
Samoa,Quality of Life Index,,
Saudi Arabia,Purchasing Power Index,109.92,High
Saudi Arabia,Safety Index,71.82,High
Saudi Arabia,Health Care Index,60.05,High
Saudi Arabia,Climate Index,41.42,Moderate
Saudi Arabia,Cost of Living Index,48.42,Low
Saudi Arabia,Property Price to Income Ratio,2.81,Very Low
Saudi Arabia,Traffic Commute Time Index,28.82,Low
Saudi Arabia,Pollution Index,66.10,High
Saudi Arabia,Quality of Life Index,151.58,Very High
Senegal,Purchasing Power Index,9.87,Very Low
Senegal,Safety Index,56.12,Moderate
Senegal,Health Care Index,47.22,Moderate
Senegal,Climate Index,,
Senegal,Cost of Living Index,44.63,Very Low
Senegal,Property Price to Income Ratio,318.73,
Senegal,Traffic Commute Time Index,18.33,Very Low
Senegal,Pollution Index,94.21,Very High
Senegal,Quality of Life Index,,
Serbia,Purchasing Power Index,37.21,Very Low
Serbia,Safety Index,62.21,High
Serbia,Health Care Index,52.07,Moderate
Serbia,Climate Index,83.23,Very High
Serbia,Cost of Living Index,35.75,Very Low
Serbia,Property Price to Income Ratio,19.60,Very High
Serbia,Traffic Commute Time Index,30.37,Low
Serbia,Pollution Index,58.23,Moderate
Serbia,Quality of Life Index,117.38,High
Seychelles,Purchasing Power Index,21.13,Very Low
Seychelles,Safety Index,62.49,High
Seychelles,Health Care Index,44.44,Moderate
Seychelles,Climate Index,,
Seychelles,Cost of Living Index,72.55,Moderate
Seychelles,Property Price to Income Ratio,19.19,Very High
Seychelles,Traffic Commute Time Index,50.00,High
Seychelles,Pollution Index,45.45,Moderate
Seychelles,Quality of Life Index,,
Singapore,Purchasing Power Index,87.63,Moderate
Singapore,Safety Index,71.66,High
Singapore,Health Care Index,71.07,High
Singapore,Climate Index,57.45,Moderate
Singapore,Cost of Living Index,78.98,Moderate
Singapore,Property Price to Income Ratio,23.27,Very High
Singapore,Traffic Commute Time Index,41.43,Moderate
Singapore,Pollution Index,32.03,Low
Singapore,Quality of Life Index,145.23,High
Sint Maarten,Purchasing Power Index,,
Sint Maarten,Safety Index,93.38,Very High
Sint Maarten,Health Care Index,56.02,Moderate
Sint Maarten,Climate Index,,
Sint Maarten,Cost of Living Index,,
Sint Maarten,Property Price to Income Ratio,24.82,Very High
Sint Maarten,Traffic Commute Time Index,0.00,Very Low
Sint Maarten,Pollution Index,83.48,Very High
Sint Maarten,Quality of Life Index,,
Slovakia,Purchasing Power Index,60.46,Low
Slovakia,Safety Index,70.99,High
Slovakia,Health Care Index,60.33,High
Slovakia,Climate Index,78.13,High
Slovakia,Cost of Living Index,44.36,Very Low
Slovakia,Property Price to Income Ratio,10.14,Moderate
Slovakia,Traffic Commute Time Index,28.26,Low
Slovakia,Pollution Index,40.69,Moderate
Slovakia,Quality of Life Index,154.03,Very High
Slovenia,Purchasing Power Index,66.92,Moderate
Slovenia,Safety Index,77.99,High
Slovenia,Health Care Index,63.75,High
Slovenia,Climate Index,76.11,High
Slovenia,Cost of Living Index,53.57,Low
Slovenia,Property Price to Income Ratio,10.80,Moderate
Slovenia,Traffic Commute Time Index,26.80,Low
Slovenia,Pollution Index,23.27,Low
Slovenia,Quality of Life Index,171.56,Very High
Solomon Islands,Purchasing Power Index,,
Solomon Islands,Safety Index,36.92,Low
Solomon Islands,Health Care Index,45.83,Moderate
Solomon Islands,Climate Index,,
Solomon Islands,Cost of Living Index,,
Solomon Islands,Property Price to Income Ratio,30.53,Very High
Solomon Islands,Traffic Commute Time Index,31.50,Low
Solomon Islands,Pollution Index,80.08,Very High
Solomon Islands,Quality of Life Index,,
Somalia,Purchasing Power Index,33.42,Very Low
Somalia,Safety Index,41.26,Moderate
Somalia,Health Care Index,42.11,Moderate
Somalia,Climate Index,,
Somalia,Cost of Living Index,38.65,Very Low
Somalia,Property Price to Income Ratio,345.95,
Somalia,Traffic Commute Time Index,25.00,Low
Somalia,Pollution Index,52.79,Moderate
Somalia,Quality of Life Index,,
South Africa,Purchasing Power Index,80.21,Moderate
South Africa,Safety Index,22.92,Low
South Africa,Health Care Index,63.27,High
South Africa,Climate Index,95.97,Very High
South Africa,Cost of Living Index,42.59,Very Low
South Africa,Property Price to Income Ratio,3.75,Very Low
South Africa,Traffic Commute Time Index,39.64,Moderate
South Africa,Pollution Index,56.18,Moderate
South Africa,Quality of Life Index,135.57,High
South Korea,Purchasing Power Index,96.64,High
South Korea,Safety Index,70.85,High
South Korea,Health Care Index,83.70,Very High
South Korea,Climate Index,68.39,High
South Korea,Cost of Living Index,74.81,Moderate
South Korea,Property Price to Income Ratio,17.04,Very High
South Korea,Traffic Commute Time Index,39.56,Moderate
South Korea,Pollution Index,54.91,Moderate
South Korea,Quality of Life Index,149.45,High
Spain,Purchasing Power Index,78.37,Moderate
Spain,Safety Index,68.70,High
Spain,Health Care Index,78.14,High
Spain,Climate Index,94.55,Very High
Spain,Cost of Living Index,54.02,Low
Spain,Property Price to Income Ratio,9.44,Moderate
Spain,Traffic Commute Time Index,29.20,Low
Spain,Pollution Index,39.27,Low
Spain,Quality of Life Index,172.85,Very High
Sri Lanka,Purchasing Power Index,25.15,Very Low
Sri Lanka,Safety Index,59.90,Moderate
Sri Lanka,Health Care Index,72.98,High
Sri Lanka,Climate Index,59.11,Moderate
Sri Lanka,Cost of Living Index,32.70,Very Low
Sri Lanka,Property Price to Income Ratio,29.47,Very High
Sri Lanka,Traffic Commute Time Index,57.07,High
Sri Lanka,Pollution Index,58.38,Moderate
Sri Lanka,Quality of Life Index,88.71,Moderate
Sudan,Purchasing Power Index,10.56,Very Low
Sudan,Safety Index,58.31,Moderate
Sudan,Health Care Index,56.11,Moderate
Sudan,Climate Index,,
Sudan,Cost of Living Index,40.00,Very Low
Sudan,Property Price to Income Ratio,20.83,Very High
Sudan,Traffic Commute Time Index,21.67,Very Low
Sudan,Pollution Index,61.37,High
Sudan,Quality of Life Index,,
Suriname,Purchasing Power Index,24.51,Very Low
Suriname,Safety Index,49.33,Moderate
Suriname,Health Care Index,40.67,Moderate
Suriname,Climate Index,,
Suriname,Cost of Living Index,39.49,Very Low
Suriname,Property Price to Income Ratio,6.65,Low
Suriname,Traffic Commute Time Index,27.00,Low
Suriname,Pollution Index,52.20,Moderate
Suriname,Quality of Life Index,,
Swaziland,Purchasing Power Index,33.71,Very Low
Swaziland,Safety Index,70.83,High
Swaziland,Health Care Index,61.11,High
Swaziland,Climate Index,,
Swaziland,Cost of Living Index,60.58,Low
Swaziland,Property Price to Income Ratio,3.11,Very Low
Swaziland,Traffic Commute Time Index,31.00,Low
Swaziland,Pollution Index,36.21,Low
Swaziland,Quality of Life Index,,
Sweden,Purchasing Power Index,110.73,Very High
Sweden,Safety Index,52.52,Moderate
Sweden,Health Care Index,69.53,High
Sweden,Climate Index,73.58,High
Sweden,Cost of Living Index,68.73,Moderate
Sweden,Property Price to Income Ratio,9.77,Moderate
Sweden,Traffic Commute Time Index,29.98,Low
Sweden,Pollution Index,17.47,Very Low
Sweden,Quality of Life Index,179.61,Very High
Switzerland,Purchasing Power Index,126.05,Very High
Switzerland,Safety Index,78.88,High
Switzerland,Health Care Index,73.24,High
Switzerland,Climate Index,79.24,High
Switzerland,Cost of Living Index,121.56,Very High
Switzerland,Property Price to Income Ratio,9.06,Moderate
Switzerland,Traffic Commute Time Index,29.00,Low
Switzerland,Pollution Index,21.73,Low
Switzerland,Quality of Life Index,195.36,Very High
Syria,Purchasing Power Index,12.13,Very Low
Syria,Safety Index,32.82,Low
Syria,Health Care Index,47.95,Moderate
Syria,Climate Index,,
Syria,Cost of Living Index,25.26,Very Low
Syria,Property Price to Income Ratio,65.02,Very High
Syria,Traffic Commute Time Index,22.40,Very Low
Syria,Pollution Index,70.73,High
Syria,Quality of Life Index,,
Taiwan,Purchasing Power Index,72.34,Moderate
Taiwan,Safety Index,83.83,Very High
Taiwan,Health Care Index,86.90,Very High
Taiwan,Climate Index,84.38,Very High
Taiwan,Cost of Living Index,58.52,Low
Taiwan,Property Price to Income Ratio,23.48,Very High
Taiwan,Traffic Commute Time Index,31.74,Low
Taiwan,Pollution Index,64.20,High
Taiwan,Quality of Life Index,145.73,High
Tajikistan,Purchasing Power Index,14.96,Very Low
Tajikistan,Safety Index,44.12,Moderate
Tajikistan,Health Care Index,35.19,Low
Tajikistan,Climate Index,,
Tajikistan,Cost of Living Index,27.06,Very Low
Tajikistan,Property Price to Income Ratio,20.85,Very High
Tajikistan,Traffic Commute Time Index,27.00,Low
Tajikistan,Pollution Index,55.76,Moderate
Tajikistan,Quality of Life Index,,
Tanzania,Purchasing Power Index,20.27,Very Low
Tanzania,Safety Index,39.58,Low
Tanzania,Health Care Index,53.10,Moderate
Tanzania,Climate Index,,
Tanzania,Cost of Living Index,34.93,Very Low
Tanzania,Property Price to Income Ratio,16.92,Very High
Tanzania,Traffic Commute Time Index,31.50,Low
Tanzania,Pollution Index,64.50,High
Tanzania,Quality of Life Index,,
Thailand,Purchasing Power Index,39.01,Very Low
Thailand,Safety Index,58.93,Moderate
Thailand,Health Care Index,78.45,High
Thailand,Climate Index,69.45,High
Thailand,Cost of Living Index,49.53,Low
Thailand,Property Price to Income Ratio,21.79,Very High
Thailand,Traffic Commute Time Index,38.25,Moderate
Thailand,Pollution Index,74.04,High
Thailand,Quality of Life Index,104.37,Moderate
Timor-Leste,Purchasing Power Index,7.02,Very Low
Timor-Leste,Safety Index,56.85,Moderate
Timor-Leste,Health Care Index,54.58,Moderate
Timor-Leste,Climate Index,,
Timor-Leste,Cost of Living Index,53.98,Low
Timor-Leste,Property Price to Income Ratio,42.86,Very High
Timor-Leste,Traffic Commute Time Index,25.00,Low
Timor-Leste,Pollution Index,59.89,Moderate
Timor-Leste,Quality of Life Index,,
Togo,Purchasing Power Index,,
Togo,Safety Index,60.27,High
Togo,Health Care Index,,
Togo,Climate Index,,
Togo,Cost of Living Index,,
Togo,Property Price to Income Ratio,6.75,Low
Togo,Traffic Commute Time Index,7.00,Very Low
Togo,Pollution Index,82.50,Very High
Togo,Quality of Life Index,,
Tonga,Purchasing Power Index,,
Tonga,Safety Index,33.98,Low
Tonga,Health Care Index,66.67,High
Tonga,Climate Index,,
Tonga,Cost of Living Index,,
Tonga,Property Price to Income Ratio,12.35,High
Tonga,Traffic Commute Time Index,,
Tonga,Pollution Index,,
Tonga,Quality of Life Index,,
Trinidad And Tobago,Purchasing Power Index,52.05,Low
Trinidad And Tobago,Safety Index,26.96,Low
Trinidad And Tobago,Health Care Index,53.35,Moderate
Trinidad And Tobago,Climate Index,,
Trinidad And Tobago,Cost of Living Index,54.44,Low
Trinidad And Tobago,Property Price to Income Ratio,6.02,Low
Trinidad And Tobago,Traffic Commute Time Index,48.81,High
Trinidad And Tobago,Pollution Index,67.65,High
Trinidad And Tobago,Quality of Life Index,,
Tunisia,Purchasing Power Index,36.96,Very Low
Tunisia,Safety Index,58.90,Moderate
Tunisia,Health Care Index,56.53,Moderate
Tunisia,Climate Index,93.24,Very High
Tunisia,Cost of Living Index,25.65,Very Low
Tunisia,Property Price to Income Ratio,11.39,Moderate
Tunisia,Traffic Commute Time Index,33.00,Low
Tunisia,Pollution Index,69.89,High
Tunisia,Quality of Life Index,120.88,High
Turkey,Purchasing Power Index,43.92,Very Low
Turkey,Safety Index,60.26,High
Turkey,Health Care Index,69.89,High
Turkey,Climate Index,93.26,Very High
Turkey,Cost of Living Index,35.66,Very Low
Turkey,Property Price to Income Ratio,8.76,Moderate
Turkey,Traffic Commute Time Index,44.47,Moderate
Turkey,Pollution Index,68.80,High
Turkey,Quality of Life Index,126.32,High
Turkmenistan,Purchasing Power Index,11.37,Very Low
Turkmenistan,Safety Index,58.98,Moderate
Turkmenistan,Health Care Index,52.04,Moderate
Turkmenistan,Climate Index,,
Turkmenistan,Cost of Living Index,91.98,High
Turkmenistan,Property Price to Income Ratio,30.35,Very High
Turkmenistan,Traffic Commute Time Index,14.33,Very Low
Turkmenistan,Pollution Index,34.83,Low
Turkmenistan,Quality of Life Index,,
Turks And Caicos Islands,Purchasing Power Index,,
Turks And Caicos Islands,Safety Index,58.60,Moderate
Turks And Caicos Islands,Health Care Index,69.44,High
Turks And Caicos Islands,Climate Index,,
Turks And Caicos Islands,Cost of Living Index,,
Turks And Caicos Islands,Property Price to Income Ratio,8.53,Moderate
Turks And Caicos Islands,Traffic Commute Time Index,,
Turks And Caicos Islands,Pollution Index,36.21,Low
Turks And Caicos Islands,Quality of Life Index,,
Uganda,Purchasing Power Index,22.06,Very Low
Uganda,Safety Index,43.60,Moderate
Uganda,Health Care Index,46.74,Moderate
Uganda,Climate Index,,
Uganda,Cost of Living Index,31.59,Very Low
Uganda,Property Price to Income Ratio,36.41,Very High
Uganda,Traffic Commute Time Index,42.40,Moderate
Uganda,Pollution Index,82.62,Very High
Uganda,Quality of Life Index,,
Ukraine,Purchasing Power Index,32.75,Very Low
Ukraine,Safety Index,51.06,Moderate
Ukraine,Health Care Index,51.06,Moderate
Ukraine,Climate Index,70.69,High
Ukraine,Cost of Living Index,31.38,Very Low
Ukraine,Property Price to Income Ratio,13.38,High
Ukraine,Traffic Commute Time Index,38.37,Moderate
Ukraine,Pollution Index,65.87,High
Ukraine,Quality of Life Index,103.00,Moderate
United Arab Emirates,Purchasing Power Index,98.28,High
United Arab Emirates,Safety Index,84.75,Very High
United Arab Emirates,Health Care Index,66.29,High
United Arab Emirates,Climate Index,45.23,Moderate
United Arab Emirates,Cost of Living Index,63.54,Low
United Arab Emirates,Property Price to Income Ratio,5.40,Low
United Arab Emirates,Traffic Commute Time Index,36.83,Moderate
United Arab Emirates,Pollution Index,52.85,Moderate
United Arab Emirates,Quality of Life Index,157.88,Very High
United Kingdom,Purchasing Power Index,98.47,High
United Kingdom,Safety Index,56.31,Moderate
United Kingdom,Health Care Index,74.14,High
United Kingdom,Climate Index,87.71,Very High
United Kingdom,Cost of Living Index,64.48,Low
United Kingdom,Property Price to Income Ratio,9.80,Moderate
United Kingdom,Traffic Commute Time Index,34.70,Low
United Kingdom,Pollution Index,40.59,Moderate
United Kingdom,Quality of Life Index,165.78,Very High
United States,Purchasing Power Index,116.75,Very High
United States,Safety Index,53.14,Moderate
United States,Health Care Index,69.15,High
United States,Climate Index,76.22,High
United States,Cost of Living Index,70.93,Moderate
United States,Property Price to Income Ratio,3.55,Very Low
United States,Traffic Commute Time Index,32.80,Low
United States,Pollution Index,35.93,Low
United States,Quality of Life Index,175.35,Very High
Uruguay,Purchasing Power Index,39.99,Very Low
Uruguay,Safety Index,47.08,Moderate
Uruguay,Health Care Index,66.19,High
Uruguay,Climate Index,98.04,Very High
Uruguay,Cost of Living Index,55.33,Low
Uruguay,Property Price to Income Ratio,15.92,High
Uruguay,Traffic Commute Time Index,40.12,Moderate
Uruguay,Pollution Index,45.16,Moderate
Uruguay,Quality of Life Index,127.07,High
Us Virgin Islands,Purchasing Power Index,53.64,Low
Us Virgin Islands,Safety Index,46.96,Moderate
Us Virgin Islands,Health Care Index,48.41,Moderate
Us Virgin Islands,Climate Index,,
Us Virgin Islands,Cost of Living Index,96.96,High
Us Virgin Islands,Property Price to Income Ratio,9.85,Moderate
Us Virgin Islands,Traffic Commute Time Index,15.00,Very Low
Us Virgin Islands,Pollution Index,10.63,Very Low
Us Virgin Islands,Quality of Life Index,,
Uzbekistan,Purchasing Power Index,24.97,Very Low
Uzbekistan,Safety Index,70.30,High
Uzbekistan,Health Care Index,50.61,Moderate
Uzbekistan,Climate Index,69.79,High
Uzbekistan,Cost of Living Index,25.70,Very Low
Uzbekistan,Property Price to Income Ratio,16.04,Very High
Uzbekistan,Traffic Commute Time Index,31.91,Low
Uzbekistan,Pollution Index,39.74,Low
Uzbekistan,Quality of Life Index,127.58,High
Vanuatu,Purchasing Power Index,,
Vanuatu,Safety Index,66.69,High
Vanuatu,Health Care Index,20.83,Low
Vanuatu,Climate Index,,
Vanuatu,Cost of Living Index,,
Vanuatu,Property Price to Income Ratio,6.81,Low
Vanuatu,Traffic Commute Time Index,,
Vanuatu,Pollution Index,40.14,Moderate
Vanuatu,Quality of Life Index,,
Venezuela,Purchasing Power Index,2.73,Very Low
Venezuela,Safety Index,15.19,Very Low
Venezuela,Health Care Index,40.17,Moderate
Venezuela,Climate Index,99.93,Very High
Venezuela,Cost of Living Index,26.94,Very Low
Venezuela,Property Price to Income Ratio,152.69,Very High
Venezuela,Traffic Commute Time Index,33.70,Low
Venezuela,Pollution Index,75.02,High
Venezuela,Quality of Life Index,0.00,Very Low
Vietnam,Purchasing Power Index,29.64,Very Low
Vietnam,Safety Index,51.74,Moderate
Vietnam,Health Care Index,55.24,Moderate
Vietnam,Climate Index,71.24,High
Vietnam,Cost of Living Index,38.14,Very Low
Vietnam,Property Price to Income Ratio,22.66,Very High
Vietnam,Traffic Commute Time Index,29.96,Low
Vietnam,Pollution Index,86.44,Very High
Vietnam,Quality of Life Index,84.48,Moderate
Yemen,Purchasing Power Index,15.40,Very Low
Yemen,Safety Index,27.81,Low
Yemen,Health Care Index,29.37,Low
Yemen,Climate Index,,
Yemen,Cost of Living Index,44.79,Very Low
Yemen,Property Price to Income Ratio,27.02,Very High
Yemen,Traffic Commute Time Index,15.00,Very Low
Yemen,Pollution Index,81.43,Very High
Yemen,Quality of Life Index,,
Zambia,Purchasing Power Index,67.04,Moderate
Zambia,Safety Index,60.23,High
Zambia,Health Care Index,53.19,Moderate
Zambia,Climate Index,,
Zambia,Cost of Living Index,34.92,Very Low
Zambia,Property Price to Income Ratio,267.68,
Zambia,Traffic Commute Time Index,28.40,Low
Zambia,Pollution Index,88.44,Very High
Zambia,Quality of Life Index,,
Zimbabwe,Purchasing Power Index,28.14,Very Low
Zimbabwe,Safety Index,46.16,Moderate
Zimbabwe,Health Care Index,41.65,Moderate
Zimbabwe,Climate Index,96.76,Very High
Zimbabwe,Cost of Living Index,54.56,Low
Zimbabwe,Property Price to Income Ratio,21.77,Very High
Zimbabwe,Traffic Commute Time Index,22.88,Very Low
Zimbabwe,Pollution Index,72.67,High
Zimbabwe,Quality of Life Index,96.14,Moderate
